,name,href,identity,intelligence,strength,speed,durability,power,combat,powers,universe,full name,place of birth,first appearance,alignment,gender,height,weight,eye color,hair color
0,Queen Hippolyta,/queen-hippolyta/10-26406/,Hippolyta,0,0,0,0,0,0,,Ame-Comi - Ame-Comi,,,,,,-,-,,
1,Queen Hippolyta,/queen-hippolyta/10-32989/,Hippolyta,0,0,0,0,0,0,,DCeased - DCeased,,,,,,-,-,,
2,Queen Hippolyta,/queen-hippolyta/10-31302/,Hippolyta,85,30,25,30,40,100,"['Intelligence', 'Marksmanship', 'Master Martial Artist', 'Master Tactician', 'Stamina', 'Super Speed', 'Super Strength', 'Swordsmanship', 'Accelerated Healing', 'Acrobatics', 'Adaptation', 'Agility', 'Cold Resistance', 'Dexterity', 'Endurance', 'Enhanced Hearing', 'Enhanced Memory', 'Enhanced Sight', 'Enhanced Smell', 'Fire Resistance', 'Heat Resistance', 'Indomitable Will', 'Jump', 'Longevity', 'Reflexes', 'Toxin and Disease Resistance', 'Weapon-based Powers', 'Weapons Master', 'Magic', 'Omnilingualism']",DCEU - DC Extended Universe,,,,Good,Female,-,-,-,Blond
3,Queen Hippolyta,/queen-hippolyta/10-35116/,Hippolyta,0,0,0,0,0,0,,Earth-1 - Earth-One,,,Wonder Woman: Earth One,Good,Female,-,-,Blue,Black
4,Queen Hippolyta,/queen-hippolyta/10-39799/,Hippolyta,0,0,0,0,0,0,,New 52 - New 52,,,,,,-,-,,
5,Queen Korra,/queen-korra/10-27120/,Korra,0,0,0,0,0,0,,Earth-616 - Prime Marvel Universe,,,,,,-,-,,
6,Queen Luna,/queen-luna/10-25819/,Queen Luna,0,0,0,0,0,0,,F:TWS - Fate: The Winx Saga,,,,,,-,-,,
7,Queen Maeve,/queen-maeve/10-17764/,,0,0,0,0,0,0,,The Boys - The Boys,,,,-,Female,-,-,-,Blond
8,Queen Maeve,/queen-maeve/10-21501/,Margaret Shaw,55,25,20,25,60,90,,The Boys 2019 - The Boys (TV Series 2019),,,,Neutral,Female,"172.7 cm • 5'8""",57 kg • 125.66 lbs,Blue,Red
9,Queen Marlena,/queen-marlena/10-24300/,Marlena Glenn,0,0,0,0,0,0,,MotU - Masters Of The Universe,,,,,,-,-,,
10,Queen Medusa,/queen-medusa/10-30230/,Medusalith Amaquelin,0,0,0,0,0,0,,Earth-9997 - Earth-X,,,,,,-,-,,
11,Queen Metalia,/queen-metalia/10-26363/,,50,0,100,55,90,0,"['Extrasensory Perception', 'Flight', 'Madness Manipulation', 'Mind Control', 'Non-Corporeal', 'Regeneration', 'Umbrakinesis', 'Weather Control', 'Illusions', 'Immortality', 'Magic', 'Non-Physical Interaction', 'Petrification', 'Power Bestowal', 'Resurrection', 'Self-Sustenance', 'Soul Resistance', 'Spatial Manipulation', 'Telepathy', 'Teleportation', 'Wind Control']",Sailor Moon - Sailor Moon,,,Manga: Sailor Moon - Chapter #6,Bad,Female,-,-,Red,No Hair
12,Queen Metroid (Queen Metroid),/queen-metroid-queen-metroid/10-16240/,Queen Metroid,55,95,75,100,75,55,"['Durability', 'Electricity Resistance', 'Endurance', 'Energy Absorption', 'Energy Resistance', 'Fire Resistance', 'Heat Resistance', 'Hellfire Resistance', 'Jaw Strength', 'Power Absorption', 'Radiation Absorption', 'Stamina', 'Strength Force', 'Super Breath', 'Super Strength', 'Toxin and Disease Resistance', 'Venomous Bite']",,Queen Metroid,SR388,Metroid II: Return of Samus,Bad,Female,-,-,Red,No Hair
13,Queen Nehellenia,/queen-nehellenia/10-23387/,,80,100,100,100,85,85,"['Force Fields', 'Magic', 'Attack Reflection', 'Corruption', 'Curse Manipulation', 'Dimension Storage', 'Dream Manipulation', 'Duplication', 'Flight', 'Illusions', 'Immortality', 'Longevity', 'Matter Manipulation', 'Mind Control', 'Non-Corporeal', 'Non-Physical Interaction', 'Power Bestowal', 'Power Nullifier', 'Reality Warping', 'Regeneration', 'Sealing', 'Soul Manipulation', 'Spatial Manipulation', 'Fate Manipulation']",Sailor Moon - Sailor Moon,,,,Bad,Female,-,-,-,-
14,Queen Oasis,/queen-oasis/10-26967/,Oasis,60,90,50,45,60,90,"['Agility', 'Animal Attributes', 'Dexterity', 'Durability', 'Fire Control', 'Flight', 'Heat Generation', 'Jump', 'Large Size', 'Master Martial Artist', 'Master Tactician', 'Natural Armor', 'Natural Weapons', 'Reflexes', 'Stamina', 'Super Speed', 'Super Strength', 'Fire Resistance', 'Heat Resistance', 'Stealth']",Wings Of Fire Universe,,,Wings of Fire: The Dragonet Prophecy,Good,Female,-,-,-,No Hair
15,Queen Of Angels,/queen-of-angels/10-36086/,,0,0,0,0,0,0,,,,,Original Sin #5.1,Good,Female,-,-,Blue,Brown
16,Queen Of Blades,/queen-of-blades/10-35080/,Sarah Louise Kerrigan,0,0,0,0,0,0,,Starcraft - Starcraft,,,,,,-,-,,
17,Queen Of Blood,/queen-of-blood/10-30125/,Mary Seward,70,30,50,30,70,60,"['Acrobatics', 'Agility', 'Bloodlust', 'Dexterity', 'Endurance', 'Enhanced Hearing', 'Enhanced Memory', 'Enhanced Sight', 'Enhanced Smell', 'Enhanced Touch', 'Longevity', 'Marksmanship', 'Radiation Immunity', 'Reflexes', 'Regeneration Negation', 'Self-Sustenance', 'Shapeshifting', 'Sleep Manipulation', 'Social Influencing', 'Stamina', 'Stealth', 'Toxin and Disease Resistance', 'Accelerated Healing', 'Animal Attributes', 'Cloth Manipulation', 'Cold Resistance', 'Extrasensory Perception', 'Flight', 'Heat Resistance', 'Immortality', 'Levitation', 'Master Martial Artist', 'Master Tactician', 'Regeneration', 'Transformation', 'Weapon Creation', 'Weapon Summoning', 'Weapons Master']",Prime Earth - Prime DC Comics Universe,,,"I, Vampire #1 (November, 2011)",-,Female,-,-,Red,Red
18,Queen Of Chaos,/queen-of-chaos/10-42719/,Pandemonia,0,0,0,0,0,0,,Earth-616 - Prime Marvel Universe,,,,,,-,-,,
19,Queen Of Cinders,/queen-of-cinders/10-14541/,Sindr,0,0,0,0,0,0,,Earth-616 - Prime Marvel Universe,,,,,,-,-,,
20,Queen Of Clubs,/queen-of-clubs/10-24414/,,0,0,0,0,0,0,,GFT - Grimm Fairy Tales,,,,,,-,-,,
21,Queen Of Curses,/queen-of-curses/10-47116/,Rika Orimoto,55,25,50,35,55,30,"['Acid Resistants', 'Cold Resistance', 'Curse Manipulation', 'Curse Resistance', 'Death Manipulation', 'Energy Blasts', 'Enhanced Hearing', 'Enhanced Memory', 'Enhanced Sight', 'Enhanced Smell', 'Enhanced Touch', 'Immortality', 'Stamina', 'Statistics Amplification', 'Toxin and Disease Resistance', 'Accelerated Healing', 'Agility', 'Corruption', 'Corruption Resistance', 'Dexterity', 'Electricity Resistance', 'Endurance', 'Energy Absorption', 'Energy Manipulation', 'Energy Resistance', 'Fire Resistance', 'Heat Resistance', 'Intangibility', 'Invisibility', 'Large Size', 'Non-Physical Interaction', 'Paralysis', 'Power Mimicry', 'Radiation Immunity', 'Reflexes', 'Regeneration', 'Soul Resistance']",Jujutsu Kaisen Universe - Jujutsu Kaisen,,,Jujutsu Kaisen 0: The Movie,Good,Female,-,-,-,-
22,Queen Of Diamonds,/queen-of-diamonds/10-24397/,Adina,0,0,0,0,0,0,,GFT - Grimm Fairy Tales,,,,,,-,-,,
23,Queen Of Fables,/queen-of-fables/10-12680/,Tsaritsa,0,0,0,0,0,0,,Prime Earth - Prime DC Comics Universe,,,,,,-,-,,
24,Queen Of Fables,/queen-of-fables/10-43328/,Tsaritsa,0,0,0,0,0,0,,New 52 - New 52,,,"Justice League of America Vol 5 #18 (January, 2018)",Bad,Female,-,-,Green,Red
25,Queen Of Hearts,/queen-of-hearts/10-22410/,Julia And Bethany,0,0,0,0,0,0,,GFT - Grimm Fairy Tales,,,,,,-,-,,
26,Queen Of Hearts,/queen-of-hearts/10-25044/,,0,0,0,0,0,0,,Prime Earth - Prime DC Comics Universe,,,,,,-,-,,
27,Queen Of Hearts,/queen-of-hearts/10-28397/,,0,0,0,0,0,0,,,,,,,,-,-,,
28,Queen Of Pain,/queen-of-pain/10-45890/,,0,0,0,0,0,0,,Dota,,,,,,-,-,,
29,Queen Of Spades,/queen-of-spades/10-22429/,Regina Depas,0,0,0,0,0,0,,GFT - Grimm Fairy Tales,,,,,,-,-,,
30,Queen Oona,/queen-oona/10-25520/,Oona,55,5,10,10,15,40,"['Agility', 'Amphibious Respiration', 'Stamina', 'Acrobatics', 'Endurance', 'Underwater breathing', 'Wallcrawling', 'Cold Resistance', 'Weapons Master']",Disenchantment - Disenchantment,,,,,,-,-,,
31,Queen Opal,/queen-opal/10-29327/,Opal Koboi,90,1,1,25,80,0,"['Accelerated Healing', 'Aura', 'Awakened Power', 'Bloodlust', 'Cold Resistance', 'Danger Sense', 'Dark Arts', 'Dark Magic', 'Durability', 'Electricity Resistance', 'Energy Beams', 'Energy Blasts', 'Energy Resistance', 'Enhanced Condition', 'Fire Resistance', 'Flight', 'Hacking', 'Heat Resistance', 'Indomitable Will', 'Information Analysis', 'Intelligence', 'Intuitive aptitude', 'Mechanical Aptitude', 'Preparation', 'Radiation Immunity', 'Robotic Engineering', 'Shapeshifting', 'Ability Shift', 'Energy Constructs', 'Energy Manipulation', 'Enhanced Hearing', 'Enhanced Memory', 'Enhanced Sight', 'Fear Inducement', 'Fear Manipulation', 'Insanity', 'Master Tactician', 'Omnilingualism', 'Regeneration', 'Apathy', 'Emotional Power Up', 'Endurance', 'Energy Embodiment', 'Invulnerability', 'Perfect Recollection']",AFU - Artemis Fowl Universe,,,Artemis Fowl: The Last Guardian,Bad,Female,-,-,-,-
32,Queen Ororo,/queen-ororo/10-42647/,Ororo Munroe,0,0,0,0,0,0,,Earth-6706 - Marvel's Earth-6706,,,,,,-,-,,
33,Queen Rhea,/queen-rhea/10-17591/,Queen Rhea,0,0,0,0,0,0,,Prime Earth - Prime DC Comics Universe,,,,,,-,-,,
34,Queen Sarai,/queen-sarai/10-29454/,Sarai,60,1,6,10,1,70,"['Durability', 'Empathy', 'Peak Human Condition', 'Reflexes', 'Stamina', 'Swordsmanship', 'Weapon-based Powers', 'Agility', 'Dexterity', 'Endurance', 'Indomitable Will', 'Master Martial Artist', 'Compassion Inducement', 'Power Suit', 'Stealth']",DPU - Dragon Prince Universe,,,,Good,Female,-,-,-,Brown / Black
35,Queen Scarlet,/queen-scarlet/10-26964/,Scarlet,75,80,50,40,60,70,"['Agility', 'Animal Attributes', 'Dexterity', 'Durability', 'Fire Control', 'Flight', 'Heat Generation', 'Intelligence', 'Jump', 'Large Size', 'Master Tactician', 'Natural Armor', 'Natural Weapons', 'Reflexes', 'Stamina', 'Stealth', 'Super Speed', 'Super Strength', 'Fire Resistance', 'Heat Resistance', 'Jaw Strength', 'Acrobatics', 'Master Martial Artist']",Wings Of Fire Universe,,,Wings of Fire: The Dragonet Prophecy,Bad,Female,-,-,-,No Hair
36,Queen Scorpion,/queen-scorpion/10-26966/,Scorpion,55,80,50,40,60,80,"['Animal Attributes', 'Dexterity', 'Durability', 'Fire Control', 'Flight', 'Heat Generation', 'Jump', 'Large Size', 'Master Tactician', 'Natural Armor', 'Natural Weapons', 'Reflexes', 'Stamina', 'Super Speed', 'Super Strength', 'Acrobatics', 'Agility', 'Fire Resistance', 'Heat Resistance', 'Jaw Strength', 'Master Martial Artist']",Wings Of Fire Universe,,,Wings of Fire Legends: Darkstalker,Neutral,Female,-,-,-,No Hair
37,Queen Sectonia,/queen-sectonia/10-31335/,,45,55,25,55,85,50,"['Arcane Magic', 'Changing Armor', 'Curse Manipulation', 'Dark Arts', 'Dark Matter Manipulation', 'Darkforce Manipulation', 'Divine Powers', 'Divinity', 'Dream Manipulation', 'Energy Beams', 'Energy Blasts', 'Energy Manipulation', 'Higher Dimensional Manipulation', 'Magic', 'Organic Manipulation', 'Projection', 'Self-Sustenance', 'Animal Attributes', 'Antimatter Manipulation', 'Berserk Mode', 'Biokinesis', 'Corruption', 'Dark Magic', 'Energy Absorption', 'Flight', 'Matter Manipulation', 'Necromancy', 'Regeneration', 'Size Changing', 'Weapon Summoning', 'Avatar Creation', 'Body Puppetry', 'Microfilament Wires', 'Shapeshifting']",Kirby - Kirby Universe,,,,Bad,Female,-,-,Purple,No Hair
38,Queen Sheba,/queen-sheba/10-30749/,,75,100,100,100,100,100,"['Darkforce Manipulation', 'Demon Physiology', 'Durability', 'Flight', 'Immortality', 'Intelligence', 'Large Size', 'Magic', 'Non-Physical Interaction', 'Projection', 'Reality Warping', 'Self-Sustenance', 'Soul Manipulation', 'Super Speed', 'Super Strength', 'Force Fields', 'Hair Manipulation', 'Natural Weapons', 'Portal Creation', 'Soul Resistance', 'Teleportation', 'Weapon Creation', 'Weapons Master']",Bayonetta - Bayonetta Universe,,Inferno,Bayonetta 1,Neutral,Female,-,-,White,Purple
39,Queen Shiklah,/queen-shiklah/10-30783/,Shiklah,0,0,0,0,0,0,,Earth-616 - Prime Marvel Universe,,,Deadpool: The Gauntlet,Neutral,Female,-,-,Yellow,Black
40,Queen Snowfall,/queen-snowfall/10-26963/,,0,0,0,0,0,0,,Wings Of Fire Universe,,,,,,-,-,,
41,Queen Teela,/queen-teela/10-40953/,Teela Coldassian,0,0,0,0,0,0,,Earth-616 - Prime Marvel Universe,,,,,,-,-,,
42,Queen Thorn,/queen-thorn/10-26962/,,0,0,0,0,0,0,,Wings Of Fire Universe,,,,,,-,-,,
43,Queen Titania,/queen-titania/10-42991/,Titania,0,0,0,0,0,0,,Vertigo - Vertigo Universe,,,,,,-,-,,
44,Queen Trios,/queen-trios/10-25177/,Trios,0,0,0,0,0,0,,Star Wars - Star Wars Universe,,,,,,-,-,,
45,Queen Ula,/queen-ula/10-41054/,Ula,0,0,0,0,0,0,,Earth-616 - Prime Marvel Universe,,,,,,-,-,,
46,Queen Victoria,/queen-victoria/10-38161/,,0,0,0,0,0,0,,Black Butler - Black Butler,,,,,,-,-,,
47,Queen Volx,/queen-volx/10-41098/,Volx,0,0,0,0,0,0,,Earth-616 - Prime Marvel Universe,,,,,,-,-,,
48,Queen Wasp,/queen-wasp/10-26960/,Wasp,55,90,50,45,100,80,"['Body Puppetry', 'Bone Manipulation', 'Durability', 'Endurance', 'Flight', 'Insanity', 'Intelligence', 'Memory Manipulation', 'Mind Blast', 'Mind Control', 'Mind Control Resistance', 'Mind Transfer', 'Natural Armor', 'Natural Weapons', 'Possession', 'Possession Resistance', 'Psionic Powers', 'Stamina', 'Super Speed', 'Super Strength', 'Telepathy', 'Telepathy Resistance', 'Acidic Spit', 'Agility', 'Blood Manipulation', 'Corruption', 'Dexterity', 'Large Size', 'Petrification', 'Plant Control', 'Stealth']",Wings Of Fire Universe,,,Wings of Fire: The Lost Continent,Bad,Female,-,-,-,No Hair
49,Queen Wasp (Akumatized Queen Bee),/queen-wasp-akumatized-queen-bee/10-39587/,Chloé Bourgeois,45,9,7,35,50,55,"['Agility', 'Body Puppetry', 'Durability', 'Godly Physiology', 'Jump', 'Mind Control', 'Paralysis', 'Supernatural Condition', 'Animal Attributes', 'Animal Control', 'Apathy', 'Berserk Mode', 'Bloodlust', 'Bullet Time', 'Energy Manipulation', 'Fear Inducement', 'Grappling/Climbing', 'Hive-Mind', 'Holy Resistance', 'Insanity', 'Instinctive Reaction', 'Master Martial Artist', 'Surface Scaling', 'Weapon Summoning', 'Weapons Master']",Miracuverse - The Miraculous Tales of Ladybug and Chat Noir Universe,,,,Bad,Female,-,-,Blue,-
50,Queen Zeal,/queen-zeal/10-50043/,Queen Samele Creojeanne Zeal,90,100,100,100,100,85,"['Ability Shift', 'Accelerated Development', 'Accelerated Healing', 'Acrobatics', 'Afterimage Creation', 'Agility', 'Attack Negation', 'Attack Reflection', 'Chaos Manipulation', 'Clairvoyance', 'Clairvoyance Resistance', 'Cold Resistance', 'Corruption', 'Corruption Resistance', 'Damage Boost', 'Damage Reduction', 'Damage Transferal', 'Danger Sense', 'Data Manipulation', 'Death Manipulation', 'Durability', 'Durability Negation', 'Element Control', 'Emotional Power Up', 'Endurance', 'Energy Resistance', 'Enhanced Condition', 'Enhanced Hearing', 'Enhanced Memory', 'Enhanced Sight', 'Enhanced Smell', 'Enhanced Touch', 'Fear Inducement', 'Fear Manipulation', 'Fire Resistance', 'Greed Inducement', 'Heat Resistance', 'Illusion Resistance', 'Illusions', 'Immortality', 'Indomitable Will', 'Information Analysis', 'Information Manipulation', 'Instinctive Reaction', 'Intangibility', 'Intelligence', 'Intuitive aptitude', 'Invulnerability', 'Life Manipulation', 'Longevity', 'Madness Manipulation', 'Magic', 'Magic Resistance', 'Matter Manipulation', 'Memory Manipulation', 'Mind Control', 'Mind Control Resistance', 'Natural Weapons', 'Ocular Techniques', 'Pain Manipulation', 'Pain Suppression', 'Possession', 'Possession Resistance', 'Power Absorption', 'Preparation', 'Reactive Evolution', 'Reactive Power Level', 'Reflexes', 'Regeneration Negation', 'Sleep Manipulation', 'Soul Manipulation', 'Soul Resistance', 'Spatial Awareness', 'Spatial Communication', 'Stamina', 'Statistics Amplification', 'Statistics Reduction', 'Status Effect Inducement', 'Stealth', 'Summoning', 'Super Speed', 'Super Strength', 'Telekinesis', 'Telepathy', 'Telepathy Resistance', 'Toxin and Disease Control', 'Toxin and Disease Resistance', 'Vibration Manipulation', 'Vision - Night', 'Vision - Telescopic', 'Vitakinesis', 'Weapon Creation', 'Weapon-based Powers', 'Weapons Master', 'Weather Control', 'Adaptation', 'Age Manipulation', 'Avatar Creation', 'Black Hole Manipulation', 'Camouflage', 'Causality Manipulation', 'Causality Resistance', 'Disguise Resistance', 'Dream Manipulation', 'Electricity Resistance', 'Energy Absorption', 'Energy Embodiment', 'Energy Manipulation', 'Flight', 'Heat Generation', 'Hypnokinesis', 'Jump', 'Levitation', 'Light Control', 'Magic Absorption', 'Matter Absorption', 'Mind Transfer', 'Non-Physical Interaction', 'Paralysis', 'Photographic Reflexes', 'Portal Creation', 'Power Mimicry', 'Precognition', 'Regeneration', 'Shadow Manipulation', 'Spatial Manipulation', 'Teleportation', 'Time Manipulation', 'Transformation', 'Unholy Resistance', 'Vision - Microscopic', 'Water Control', 'Wind Control']",Chrono - Chrono Universe,,,,,,-,-,,
51,Queen Zerona,/queen-zerona/10-20268/,Zerona,0,0,0,0,0,0,,Earth-8107 - Earth-8107,,Asgard,"Spider-Man and His Amazing Friends: The Vengeance of Loki (November 14, 1981)",Good,Female,-,-,Blue,Blue
52,Queenie Goldstein,/queenie-goldstein/10-18945/,,0,0,0,0,0,0,,,,,Fantastic Beasts and Where to Find Them,Good,Female,-,-,Brown,Red / Orange
53,Quelin,/quelin/10-1045/,Quelin,0,0,0,0,0,0,,Earth-616 - Prime Marvel Universe,Quelin,,,Good,Male,-,-,,
54,Quentin Coldwater,/quentin-coldwater/10-12521/,Quentin Coldwater,0,0,0,0,0,0,,,,,,,,-,-,,
55,Quentin Collins,/quentin-collins/10-36277/,,0,0,0,0,0,0,,Dark Shadows - Dark Shadows,,,,,,-,-,,
56,Quentin Lance,/quentin-lance/10-16904/,Quentin Larry Lance,0,0,0,0,0,0,,Arrowverse - DC Television Universe,,,,,,-,-,,
57,Quentin Smith,/quentin-smith/10-39918/,,0,0,0,0,0,0,,Dead By Daylight,,,,,,-,-,,
58,Query,/query/10-21774/,Deidre Vance,0,0,0,0,0,0,,,,,,,,-,-,,
59,Question,/question/10-760/,Charles Szasz,70,1,8,10,10,80,"['Intelligence', 'Stamina', 'Agility', 'Information Analysis', 'Master Martial Artist', 'Reflexes', 'Stealth']",Prime Earth - Prime DC Comics Universe,Charles Victor Szasz,,"Blue Beetle (Charlton) Vol 4 #1 (June, 1967)",Good,Male,"188 cm • 6'2""",83.9 kg • 184.97 lbs,Blue,Blond
60,Quetzalcoatl,/quetzalcoatl/10-30166/,,45,75,25,20,40,20,"['Animal Attributes', 'Enhanced Sight', 'Fire Resistance', 'Flight', 'Heat Resistance', 'Large Size', 'Natural Armor', 'Natural Weapons', 'Agility', 'Animal Oriented Powers', 'Cold Resistance', 'Electricity Resistance', 'Enhanced Smell', 'Fire Control', 'Accelerated Healing', 'Energy Resistance', 'Enhanced Hearing', 'Radiation Immunity', 'Toxin and Disease Resistance']",G:TS - Godzilla: The Series,,Yucatan Peninsula,,Neutral,Female,"45 m • 147'7.7""",-,Yellow,-
61,Quetzalcoatl,/quetzalcoatl/10-38523/,,0,0,0,0,0,0,,JCA - Jackie Chan Adventures,,,,,,-,-,,
62,Quetzalcoatl,/quetzalcoatl/10-39047/,,0,0,0,0,0,0,,SMT - Shin Megami Tensei,,,,,,-,-,,
63,Quetzalcoatlus,/quetzalcoatlus/10-45317/,,0,0,0,0,0,0,,Jurassic Park - Jurassic Park,,,,,,-,-,,
64,Qui-Gon Jinn,/qui-gon-jinn/10-10465/,,90,25,80,60,65,90,"['Acrobatics', 'Agility', 'Animal Attributes', 'Animal Control', 'Astral Projection', 'Attack Reflection', 'Clairvoyance', 'Cold Resistance', 'Danger Sense', 'Darkforce Manipulation', 'Death Manipulation', 'Durability', 'Electrokinesis', 'Element Control', 'Empathy', 'Endurance', 'Energy Beams', 'Energy Blasts', 'Energy Manipulation', 'Energy Resistance', 'Force Fields', 'Force Ghost', 'Illusions', 'Insanity', 'Intelligence', 'Jump', 'Master Martial Artist', 'Master Tactician', 'Matter Manipulation', 'Memory Manipulation', 'Mind Control', 'Mind Control Resistance', 'Non-Physical Interaction', 'Peak Human Condition', 'Power Sense', 'Power Suit', 'Precognition', 'Psionic Powers', 'Psychometry', 'Reflexes', 'Stamina', 'Stealth', 'Super Speed', 'Super Strength', 'Technopath/Cyberpath', 'Telekinesis', 'Telepathy', 'Telepathy Resistance', 'Terrakinesis', 'The Force', 'Water Control', 'Weather Control', 'Wind Control', 'Conceptual Manipulation', 'Heat Resistance', 'Levitation', 'Life Manipulation', 'Longevity', 'Molecular Manipulation', 'Toxin and Disease Resistance', 'Weapons Master', 'Fire Resistance', 'Soul Resistance']",Star Wars - Star Wars Universe,,Coruscant,,Good,Male,"190.5 cm • 6'3""",-,Blue,Brown
65,Qui-Gon Jinn (Force Ghost),/qui-gon-jinn-force-ghost/10-23862/,Qui-Gon Jinn,90,25,100,55,65,90,"['Agility', 'Banish', 'Camouflage', 'Cold Resistance', 'Danger Sense', 'Dimensional Awareness', 'Dimensional Travel', 'Durability', 'Electricity Absorption', 'Electricity Resistance', 'Electrokinesis', 'Empathy', 'Endurance', 'Energy Absorption', 'Energy Beams', 'Energy Blasts', 'Energy Resistance', 'Fire Resistance', 'Flight', 'Force Fields', 'Force Ghost', 'Force Speed', 'Heat Resistance', 'Illusions', 'Indomitable Will', 'Intangibility', 'Intelligence', 'Interstellar Travel', 'Invisibility', 'Jump', 'Levitation', 'Master Martial Artist', 'Master Tactician', 'Mind Control', 'Mind Control Resistance', 'Nigh-Omnipresence', 'Non-Corporeal', 'Possession Resistance', 'Postcognition', 'Psionic Powers', 'Reflexes', 'Size Changing', 'Spaceflight', 'Spatial Awareness', 'Stamina', 'Super Speed', 'Super Strength', 'Telekinesis', 'Telepathy', 'Telepathy Resistance', 'The Force', 'Toxin and Disease Resistance', 'Water Control', 'Weather Control', 'Willpower Inducement', 'Willpower Manipulation', 'Wind Control', 'Animal Control', 'Apathy', 'Astral Projection', 'Astral Travel', 'Attack Reflection', 'Clairvoyance', 'Cosmic Awareness', 'Element Control', 'Energy Manipulation', 'Illumination', 'Insanity', 'Light Control', 'Marksmanship', 'Non-Physical Interaction', 'Sleep Manipulation', 'Dream Manipulation', 'Gravity Control', 'Immortality', 'Memory Manipulation', 'Projection', 'Teleportation', 'Terrakinesis', 'Vitakinesis']",Star Wars - Star Wars Universe,Qui-Gon Jinn,Coruscant,Star Wars: Episode I ? The Phantom Menace,Good,Male,"193 cm • 6'4""",-,Blue,Brown
66,Quibli,/quibli/10-26961/,,0,0,0,0,0,0,,Wings Of Fire Universe,,,,,,-,-,,
67,Quick Draw McGraw,/quick-draw-mcgraw/10-36131/,,0,0,0,0,0,0,,,,,,,,-,-,,
68,Quickforce,/quickforce/10-25978/,,0,0,0,0,0,0,,Monsuno - Monsuno (2011–2014 Series),,,,,,-,-,,
69,Quicksand,/quicksand/10-19395/,,0,0,0,0,0,0,,Earth-616 - Prime Marvel Universe,,,,Bad,Female,-,-,,
70,Quickshadow (Autobot),/quickshadow-autobot/10-33540/,,0,0,0,0,0,0,,"Rescue Bots - Rescue Bots, Transformers in disguise",,,,,,-,-,,
71,Quickshot,/quickshot/10-40855/,,0,0,0,0,0,0,,Earth-616 - Prime Marvel Universe,,,,,,-,-,,
72,Quicksilver,/quicksilver/10-20342/,Jonathan Quick,0,0,0,0,0,0,,Earth-616 - Prime Marvel Universe,,,,,,-,-,,
73,Quicksilver,/quicksilver/10-115/,Pietro Maximoff,70,25,75,30,70,60,"['Agility', 'Durability', 'Intelligence', 'Reflexes', 'Stamina', 'Super Speed', 'Super Strength', 'Bullet Time', 'Durability Negation', 'Heat Generation', 'Intangibility', 'Jump', 'Master Martial Artist', 'Molecular Manipulation', 'Phasing', 'Stealth', 'Toxin and Disease Resistance', 'Vibration Manipulation', 'Wind Control']",Earth-616 - Prime Marvel Universe,Pietro Django Maximoff,"Wundagore Mountain, Transia (in Eastern Europe)",X-MEN Vol. 1 #4,Good,Male,"182.9 cm • 6'0""",79.4 kg • 175.05 lbs,Blue,Silver
74,Quicksilver,/quicksilver/10-12507/,Pietro Maximoff,60,25,70,15,55,65,"['Durability', 'Endurance', 'Intelligence', 'Peak Human Condition', 'Stamina', 'Stealth', 'Super Speed', 'Super Strength', 'Acrobatics', 'Afterimage Creation', 'Agility', 'Dexterity', 'Jump', 'Reflexes', 'Accelerated Healing', 'Aura', 'Regeneration']",MCU - Marvel Cinematic Universe,Pietro Maximoff,,,,,-,-,,Silver
75,Quicksilver,/quicksilver/10-24839/,Pietro Lensherr,0,0,0,0,0,0,,Earth-1610 - Ultimate Marvel Universe,,,,,,-,-,,
76,Quicksilver,/quicksilver/10-12602/,Peter Maximoff,55,25,85,15,35,40,"['Endurance', 'Stamina', 'Super Speed', 'Agility', 'Dexterity', 'Reflexes']",EMCU - Extended Marvel Cinematic Universe (2000-2019 Movies),,,X-Men: Days Of Future Past (Movie),Good,Male,-,-,,
77,Quicksilver,/quicksilver/10-20486/,Pietro Maximoff,0,0,0,0,0,0,,Earth-2149 - Zombiverse,,,,,,-,-,,
78,Quicksilver,/quicksilver/10-33082/,Pietro Maximoff,0,0,0,0,0,0,,Earth-8610 - Earth-8610,,,,,,-,-,,
79,Quicksilver,/quicksilver/10-28351/,Pietro Maximoff,0,0,0,0,0,0,,Earth-161 - Marvel's X-Men Forever,,,,,,-,-,,
80,Quicksilver,/quicksilver/10-30420/,Pietro Maximoff,0,0,0,0,0,0,,Earth-58163 - House of M,,,,,,-,-,,
81,Quicksilver,/quicksilver/10-30040/,Pietro Maximoff,0,0,0,0,0,0,,Earth-9997 - Earth-X,,,,,,-,-,,
82,Quicksilver,/quicksilver/10-35689/,Pietro Maximoff,0,0,0,0,0,0,,Earth-12 - Earth-Mimic,,,,,,-,-,,
83,Quicksilver,/quicksilver/10-37367/,Pietro Maximoff,0,0,0,0,0,0,,Earth-13122 - LEGO Marvel Super Heroes Game Universe,,,,-,Male,-,-,-,Silver
84,Quicksilver,/quicksilver/10-41659/,Pietro Maximoff,0,0,0,0,0,0,,Earth-TRN891 - Dark Ages,,,,,,-,-,,
85,Quicksilver,/quicksilver/10-45091/,Pietro Maximoff,0,0,0,0,0,0,,Earth-295 - Age of Apocalypse,,,,Good,Male,18 mm • 0.71 inch,83.92 kg • 185 lbs,Blue,White
86,Quicksilver,/quicksilver/10-45578/,Pietro Maximoff,50,25,35,17,55,40,"['Durability', 'Super Strength', 'Agility', 'Reflexes', 'Intangibility']",Earth-8096 - The Avengers: Earth's Mightiest Heroes (2010-1013 TV Series),,,"Wolverine and the X-Men S1E02 - Hindsight, Part 2",Bad,Male,"182.9 cm • 6'0""",79.38 kg • 175 lbs,Blue,White
87,Quicksilver (Possessed By Chthon),/quicksilver-possessed-by-chthon/10-19524/,Pietro Django Maximoff,100,100,100,100,100,60,"['Ability Shift', 'Accelerated Development', 'Accelerated Healing', 'Acrobatics', 'Afterimage Creation', 'Agility', 'Anti-Gravity', 'Antimatter Manipulation', 'Arcane Magic', 'Astral Projection', 'Astral Trap', 'Astral Travel', 'Berserk Mode', 'Bloodlust', 'Bullet Time', 'Chaos Magic', 'Chaos Manipulation', 'Clairvoyance', 'Clairvoyance Resistance', 'Cold Resistance', 'Dark Arts', 'Dark Magic', 'Darkforce Manipulation', 'Demon Physiology', 'Dexterity', 'Dimensional Travel', 'Duplication', 'Endurance', 'Energy Absorption', 'Energy Manipulation', 'Energy Resistance', 'Enhanced Hearing', 'Enhanced Memory', 'Enhanced Sight', 'Enhanced Smell', 'Fear Manipulation', 'Fire Resistance', 'Flight', 'Grim Reaping', 'Heat Generation', 'Heat Resistance', 'Immortality', 'Insanity', 'Intelligence', 'Interstellar Travel', 'Invulnerability', 'Jump', 'Magic', 'Magic Resistance', 'Matter Absorption', 'Necromancy', 'Phasing', 'Portal Creation', 'Power Nullifier', 'Precognition', 'Probability Manipulation', 'Projection', 'Radiation Immunity', 'Reflexes', 'Regeneration', 'Self-Sustenance', 'Shockwaves Generation', 'Stamina', 'Statistics Amplification', 'Telekinesis', 'Telepathy', 'Telepathy Resistance', 'Teleportation', 'Toxin and Disease Resistance', 'Vision - Telescopic', 'Banish', 'Curse Resistance', 'Damage Reduction', 'Damage Transferal', 'Death Manipulation', 'Death Touch', 'Dream Manipulation', 'Electricity Resistance', 'Empathy', 'Energy Embodiment', 'Extrasensory Perception', 'Fate Resistance', 'Fear Inducement', 'Hellfire Resistance', 'Holy Resistance', 'Hypnokinesis', 'Illusion Resistance', 'Illusions', 'Indomitable Will', 'Information Analysis', 'Intangibility', 'Levitation', 'Magic Absorption', 'Matter Manipulation', 'Mind Blast', 'Mind Control', 'Mind Control Resistance', 'Mind Transfer', 'Molecular Combustion', 'Molecular Dissipation', 'Molecular Immobilization', 'Molecular Manipulation', 'Molecular Oscillation', 'Possession', 'Possession Resistance', 'Reality Warping Resistance', 'Resurrection', 'Shapeshifting', 'Spatial Manipulation', 'Time Manipulation Resistance', 'Wind Control']",,Pietro Django Maximoff,,,Bad,Male,"182.9 cm • 6'0""",79.4 kg • 175.05 lbs,Red,Silver
88,Quickstrike,/quickstrike/10-29464/,,0,0,0,0,0,0,,Beast Wars - Transformers: Beast Wars,,,,Bad,Male,-,-,-,-
89,Quicksword Ilena,/quicksword-ilena/10-15865/,Ilena,0,0,0,0,0,0,,,,,,,,-,-,,
90,Quiet,/quiet/10-25876/,,70,25,25,25,30,85,"['Acrobatics', 'Agility', 'Dexterity', 'Endurance', 'Marksmanship', 'Master Martial Artist', 'Master Tactician', 'Peak Human Condition', 'Reflexes', 'Stamina', 'Stealth', 'Vehicular Mastery', 'Weapons Master', 'Accelerated Healing', 'Bloodlust', 'Camouflage', 'Cold Resistance', 'Disguise Mastery', 'Hacking', 'Heat Resistance', 'Information Analysis', 'Jump', 'Longevity', 'Pain Suppression', 'Regeneration', 'Self-Sustenance', 'Sleep Manipulation', 'Toxin and Disease Resistance', 'Explosion Manipulation', 'Flight', 'Intangibility', 'Invisibility', 'Light Control', 'Smoke Manipulation']",MGS - Metal Gear Solid,,,Metal Gear Solid V: The Phantom Pain,Bad,Female,-,-,Green,Brown
91,Quiet Man,/quiet-man/10-40860/,,0,0,0,0,0,0,,Earth-616 - Prime Marvel Universe,,,,,,-,-,,
92,Quietus,/quietus/10-23894/,,0,0,0,0,0,0,,DM - Dark Multiverse,,,,,,-,-,,
93,Quilava,/quilava/10-24496/,Quilava,0,0,0,0,0,0,,Pokemon - Pokemon,,,,,,-,-,,
94,Quilby,/quilby/10-41803/,,70,30,25,50,70,70,"['Acrobatics', 'Agility', 'Jump', 'Magic', 'Master Tactician', 'Portal Creation', 'Reflexes', 'Stamina', 'Astral Projection', 'Aura', 'Berserk Mode', 'Bloodlust', 'Bullet Time', 'Clairvoyance', 'Curse Manipulation', 'Danmaku', 'Dexterity', 'Dimensional Travel', 'Divine Powers', 'Energy Armor', 'Energy Beams', 'Energy Constructs', 'Energy Manipulation', 'Flight', 'Force Fields', 'Godly Physiology', 'Homing Attack', 'Immortality', 'Immortality Negation', 'Information Analysis', 'Laser Manipulation', 'Magic Absorption', 'Magic Resistance', 'Master Martial Artist', 'Pocket Dimensions', 'Space Survivability', 'Vaporising Beams', 'Hunters Instinct', 'Information Manipulation']",Wakfu - wakfu,,,,Bad,Male,-,-,Blue,Black / Blue
95,Quilge Opie,/quilge-opie/10-37513/,Quilge Opie,0,0,0,0,0,0,,Bleach - Bleach,,,Manga: Bleach - Chapter #487,Bad,Male,-,-,-,Black
96,Quill,/quill/10-830/,Maxwell Jordan,0,0,0,0,0,0,,Earth-616 - Prime Marvel Universe,Maxwell Jordan,,New X-Men: Academy X #1,Good,Male,"162.6 cm • 5'4""",56.2 kg • 123.9 lbs,Brown,Brown
97,Quina,/quina/10-27435/,Quina Quen,0,0,0,0,0,0,,FF IX - Final Fantasy IX,,,Final Fantasy IX,Good,-,"173 cm • 5'8.1""",-,Red,No Hair
98,Quinlan Vos,/quinlan-vos/10-10695/,,0,0,0,0,0,0,,Star Wars - Star Wars Universe,,,,,,-,-,,
99,Quinn,/quinn/10-46570/,Quinn Of Uwendale,60,1,7,10,20,70,"['Hunters Instinct', 'Marksmanship', 'Stealth', 'Acrobatics', 'Agility', 'Animal Control', 'Animal Oriented Powers', 'Indomitable Will', 'Natural Weapons', 'Preparation', 'Reflexes', 'Weapon-based Powers', 'Damage Boost', 'Endurance', 'Flight', 'Master Tactician', 'Status Effect Inducement', 'Summoning', 'Weapons Master']",League Of Legends - League of Legends,,"Uwendale, Demacia","March 1, 2013 (League of Legends)",Good,Female,-,-,Green,Black
100,Quint,/quint/10-31400/,Quint Baker,80,1,5,7,5,15,"['Intelligence', 'Information Analysis', 'Master Tactician', 'Explosion Manipulation', 'Vehicular Mastery']",LKOEU - Last Kids on Earth Universe,,,,,,-,-,,
101,Quintessa,/quintessa/10-19917/,Solus Prime,90,40,25,25,70,80,"['Accelerated Healing', 'Cold Resistance', 'Durability', 'Electrokinesis', 'Energy Blasts', 'Intelligence', 'Super Strength', 'Teleportation', 'Agility', 'Body Puppetry', 'Dexterity', 'Fire Resistance', 'Flight', 'Immortality', 'Magic', 'Mind Control', 'Mind Control Resistance', 'Self-Sustenance', 'Shapeshifting', 'Creation', 'Telekinesis']",TCU - Transformers Cinematic Universe,Solus Prime,,Transformers: The Last Knight (Movie),Bad,Female,-,-,Blue,Silver
102,Quintet,/quintet/10-21156/,,0,0,0,0,0,0,,,,,,,,-,-,,
103,Quinton,/quinton/10-48351/,,80,1,6,30,50,80,"['Agility', 'Reactive Power Level', 'Soul Manipulation', 'Summoning', 'Astral Projection', 'Astral Trap', 'Astral Travel', 'Astro Force', 'Attack Negation', 'Attack Reflection', 'Aura', 'Dimension Storage', 'Dimensional Awareness', 'Dimensional Travel', 'Energy Manipulation', 'Higher Dimensional Manipulation', 'Interstellar Travel', 'Pocket Dimensions', 'Reactive Evolution', 'Space Manipulation', 'Space Survivability', 'Spaceflight', 'Spatial Awareness']",Yu-Gi-Oh! - Yu-Gi-Oh!,,,,,,-,-,,
104,Quintus Prime,/quintus-prime/10-14024/,Quintus Prime,0,0,0,0,0,0,,,,,,,,-,-,,
105,Quirinus Quirrell,/quirinus-quirrell/10-18322/,,0,0,0,0,0,0,,,,,Harry Potter and the Philosopher Stone,Bad,Male,-,-,Green,No Hair
106,Quislet,/quislet/10-10629/,,0,0,0,0,0,0,,Prime Earth - Prime DC Comics Universe,,,,,,-,-,,
107,Quistis Trepe,/quistis-trepe/10-27330/,Quistis Trepe,0,0,0,0,0,0,,FF VIII - Final Fantasy VIII,,,Final Fantasy VIII,Good,Female,"172 cm • 5'7.7""",52 kg • 114.64 lbs,Blue,Blond
108,Quitela,/quitela/10-19502/,,80,100,100,100,100,100,"['Accelerated Development', 'Acrobatics', 'Afterimage Creation', 'Agility', 'Animal Attributes', 'Aura', 'Chi Manipulation', 'Clairvoyance', 'Clairvoyance Resistance', 'Cold Resistance', 'Danmaku', 'Dexterity', 'Divinity', 'Durability', 'Electricity Resistance', 'Endurance', 'Energy Absorption', 'Energy Beams', 'Energy Blasts', 'Energy Manipulation', 'Enhanced Condition', 'Enhanced Hearing', 'Enhanced Sight', 'Enhanced Smell', 'Existence Erasure', 'Fire Resistance', 'Flight', 'Godly Physiology', 'Heat Generation', 'Heat Resistance', 'Immortality', 'Intelligence', 'Interstellar Travel', 'Invulnerability', 'Jump', 'Light Control', 'Longevity', 'Marksmanship', 'Master Martial Artist', 'Master Tactician', 'Peak Human Condition', 'Power Sense', 'Radar Sense', 'Radiation Immunity', 'Reflexes', 'Seismic Power', 'Shockwaves Generation', 'Stamina', 'Stealth', 'Super Breath', 'Super Speed', 'Super Strength', 'Telekinesis', 'Toxin and Disease Resistance', 'Vaporising Beams', 'Vision - Night', 'Weather Control', 'Wind Control', 'Ability Shift', 'Accelerated Healing', 'Animal Oriented Powers', 'Enhanced Memory', 'Extrasensory Perception', 'Indomitable Will', 'Levitation', 'Self-Sustenance', 'Spatial Awareness', 'Spatial Communication', 'Existence Erasure Resistance']",DB - Dragon Ball Verse,,,,Neutral,Male,-,-,Black,No Hair
109,Quiz,/quiz/10-32492/,,0,0,0,0,0,0,,Prime Earth - Prime DC Comics Universe,,,,,,-,-,,
110,Quoggoth,/quoggoth/10-36447/,Quoggoth,100,100,100,100,100,65,"['Ability Shift', 'Accelerated Development', 'Accelerated Healing', 'Agility', 'Banish', 'Biokinesis', 'Black Hole Manipulation', 'Clairvoyance', 'Clairvoyance Resistance', 'Cosmic Awareness', 'Creation', 'Damage Boost', 'Damage Reduction', 'Damage Transferal', 'Danger Sense', 'Data Manipulation', 'Dimensional Awareness', 'Dimensional Travel', 'Dream Manipulation', 'Durability', 'Element Control', 'Energy Absorption', 'Energy Beams', 'Energy Blasts', 'Energy Constructs', 'Energy Embodiment', 'Energy Manipulation', 'Energy Resistance', 'Fire Resistance', 'Flight', 'Higher Dimensional Manipulation', 'Illusion Resistance', 'Illusions', 'Immortality', 'Information Analysis', 'Information Manipulation', 'Instinctive Reaction', 'Intangibility', 'Intelligence', 'Interstellar Travel', 'Intuitive aptitude', 'Invulnerability', 'Levitation', 'Longevity', 'Madness Manipulation', 'Magic', 'Magic Absorption', 'Magic Resistance', 'Memory Manipulation', 'Mind Control', 'Mind Control Resistance', 'Nigh-Omnipresence', 'Nigh-Omniscience', 'Peak Human Condition', 'Radiation Immunity', 'Reactive Evolution', 'Reactive Power Level', 'Reality Warping', 'Reality Warping Resistance', 'Reflexes', 'Regeneration', 'Self-Sustenance', 'Sense Manipulation', 'Shadow Manipulation', 'Shapeshifting', 'Size Changing', 'Sleep Manipulation', 'Spaceflight', 'Spatial Awareness', 'Spatial Communication', 'Spatial Manipulation', 'Stamina', 'Statistics Amplification', 'Statistics Reduction', 'Status Effect Inducement', 'Stealth', 'Summoning', 'Super Speed', 'Super Strength', 'Telekinesis', 'Telepathy', 'Telepathy Resistance', 'Teleportation', 'Tentacles', 'Time Manipulation Resistance', 'Toxin and Disease Control', 'Toxin and Disease Resistance', 'Adaptation', 'Cold Resistance', 'Conceptual Manipulation', 'Corruption', 'Corruption Resistance', 'Curse Resistance', 'Density Control', 'Dexterity', 'Elasticity', 'Electricity Resistance', 'Endurance', 'Enhanced Condition', 'Enhanced Hearing', 'Enhanced Memory', 'Enhanced Sight', 'Enhanced Smell', 'Existence Erasure Resistance', 'Extrasensory Perception', 'Fate Resistance', 'Fear Inducement', 'Force Fields', 'Godly Physiology', 'Heat Generation', 'Heat Resistance', 'Hellfire Resistance', 'Holy Resistance', 'Indomitable Will', 'Insanity', 'Multiple Limbs', 'Natural Armor', 'Phasing', 'Physics Manipulation', 'Pocket Dimensions', 'Portal Creation', 'Possession', 'Possession Resistance', 'Power Modification', 'Projection', 'Radar Sense', 'Seismic Power', 'Shockwaves Generation', 'Soul Manipulation', 'Soul Resistance', 'Supernatural Condition', 'Surface Scaling', 'Time Manipulation', 'Transformation', 'Unholy Resistance', 'Vitakinesis', 'Jump', 'Molecular Immobilization']",Earth-616 - Prime Marvel Universe,,Creation of Shuma Gorath,Unbeatable Squirrel Girl (Vol 2.) #7 Wolverine: First Class (Vol 1.) #12,Bad,Male,-,-,Green,-
111,Quoi,/quoi/10-10942/,,0,0,0,0,0,0,,Earth-616 - Prime Marvel Universe,,,,,,-,-,,
112,Quorp,/quorp/10-46149/,,0,0,0,0,0,0,,Monsuno - Monsuno (2011–2014 Series),,,,,,-,-,,
113,Quorra,/quorra/10-22700/,,0,0,0,0,0,0,,Tron,,,,,,-,-,,
114,Quyagen,/quyagen/10-35262/,Quyagen,100,100,100,100,100,100,"['Nigh-Omnipotence', 'Nigh-Omniscience', 'Omnipresence']",,,,,,,-,-,,
115,Qwsp,/qwsp/10-20668/,Qwsp,0,0,0,0,0,0,,,,,,,,-,-,,
116,Qyburn,/qyburn/10-27705/,,0,0,0,0,0,0,,,,,,,,-,-,,
117,R,/r/10-41240/,Renato Socci,0,0,0,0,0,0,,Jormungand - Jormungand,,,,,,-,-,,
118,R'amey Holl,/ramey-holl/10-1433/,,0,0,0,0,0,0,,Prime Earth - Prime DC Comics Universe,,,,Good,Female,-,-,,
119,R'Klll,/rklll/10-21396/,R'Klll,0,0,0,0,0,0,,,R'Klll,Skrullos,"Fantastic Four #206 (May, 1979)",,Female,-,-,Green,Black
120,R'tee,/rtee/10-40859/,R'tee,0,0,0,0,0,0,,Earth-616 - Prime Marvel Universe,,,,,,-,-,,
121,R. Mika,/r-mika/10-11070/,,0,0,0,0,0,0,,Street Fighter,,,,,,-,-,,
122,R. V.,/r-v/10-28814/,Reggie Veggie,0,0,0,0,0,0,,Cirque Du Freak - The Saga of Darren Shan,,,,,,-,-,,
123,R.E.C.R.,/recr/10-35150/,,0,0,0,0,0,0,,Megas XLR,,,,,,-,-,,
124,R.E.G.I.S. Mark 5,/regis-mark-5/10-35153/,,0,0,0,0,0,0,,Megas XLR,,,,,,-,-,,
125,R.H.I.N.O.,/rhino/10-41136/,Alexander O'Hirn,0,0,0,0,0,0,,Earth-1610 - Ultimate Marvel Universe,,,,,,-,-,,
126,R2-D2,/r2-d2/10-10446/,,0,0,0,0,0,0,,Star Wars - Star Wars Universe,,,,Good,Male,"96.5 cm • 3'2""",31.8 kg • 70.11 lbs,Red,
127,R2-KT,/r2-kt/10-33211/,,0,0,0,0,0,0,,,,,,,,-,-,,
128,R?shi,/rshi/10-15594/,R?shi,0,0,0,0,0,0,,"Naruto - Naruto, shippuden, Boruto",R?shi,,"Naruto, Volume #39, Chapter #353",Neutral,Male,"147.3 cm • 4'10""",55.3 kg • 121.92 lbs,Black,Red
129,Ra,/ra/10-14214/,,0,0,0,0,0,0,,,,,,,,-,-,,
130,Ra,/ra/10-18145/,,0,0,0,0,0,0,,,,,,,,-,-,,
131,Ra,/ra/10-20512/,Ra,95,75,25,55,100,60,"['Accelerated Healing', 'Aura', 'Clairvoyance', 'Cold Resistance', 'Curse Manipulation', 'Durability', 'Energy Beams', 'Energy Blasts', 'Fire Control', 'Fire Resistance', 'Godly Physiology', 'Heat Generation', 'Heat Resistance', 'Intelligence', 'Non-Physical Interaction', 'Radiation Immunity', 'Stamina', 'Super Speed', 'Super Strength', 'Vitakinesis', 'Agility', 'Cosmic Awareness', 'Creation', 'Curse Resistance', 'Danger Sense', 'Element Control', 'Endurance', 'Energy Constructs', 'Energy Manipulation', 'Energy Resistance', 'Flight', 'Illumination', 'Immortality', 'Indomitable Will', 'Invulnerability', 'Latent Abilities', 'Life Manipulation', 'Magic', 'Magic Resistance', 'Marksmanship', 'Master Tactician', 'Mind Control Resistance', 'Power Augmentation', 'Power Bestowal', 'Reflexes', 'Regeneration', 'Resurrection', 'Self-Sustenance', 'Size Changing', 'Stealth', 'Telepathy Resistance', 'Teleportation', 'Toxin and Disease Resistance', 'Vaporising Beams', 'Weapon-based Powers', 'Weapons Master', 'Wishing', 'Durability Negation']","GOE - Gods of Egypt (2016, Movie)",,,God Of Egypt (Movie),Good,Male,-,-,,
132,Ra,/ra/10-45964/,Blake Washington,75,50,17,40,70,65,"['Aura', 'Danmaku', 'Enhanced Memory', 'Explosion Manipulation', 'Fire Control', 'Fire Resistance', 'Heat Generation', 'Heat Resistance', 'Levitation', 'Melting', 'Reactive Power Level', 'Vision - Heat', 'Vortex Creation', 'Cold Resistance', 'Damage Boost', 'Damage Reduction', 'Durability Negation', 'Endurance', 'Energy Beams', 'Energy Blasts', 'Extrasensory Perception', 'Flight', 'Force Fields', 'Illumination', 'Indomitable Will', 'Information Analysis', 'Invulnerability', 'Light Control', 'Marksmanship', 'Multiple Personalities', 'Non-Physical Interaction', 'Power Bestowal', 'Power Sense', 'Rage Power', 'Reflexes', 'Scanning', 'Seismic Power', 'Weapon Summoning', 'Weapon-based Powers', 'Dig', 'Energy Absorption', 'Energy Armor', 'Godly Physiology', 'Hellfire Resistance', 'Immortality', 'Portal Creation', 'Self-Sustenance', 'Transformation', 'Vaporising Beams', 'Weather Control']",SotM - Sentinels of the Multiverse,,,,Good,Male,"193.1 cm • 6'4""",99.79 kg • 220 lbs,Gold,Black
133,Ra's Al Ghul,/ras-al-ghul/10-761/,Ra's Al Ghul,90,25,25,10,16,100,"['Durability', 'Intelligence', 'Marksmanship', 'Master Martial Artist', 'Master Tactician', 'Peak Human Condition', 'Stamina', 'Super Speed', 'Super Strength', 'Acrobatics', 'Agility', 'Dexterity', 'Enhanced Hearing', 'Enhanced Sight', 'Longevity', 'Reflexes', 'Stealth', 'Toxin and Disease Resistance', 'Weapon-based Powers', 'Weapons Master', 'Accelerated Healing', 'Magic', 'Resurrection']",Prime Earth - Prime DC Comics Universe,Ra's Al Ghul,Egypt,"Batman #232 (June, 1971)",Bad,Male,"193 cm • 6'4""",97.5 kg • 214.95 lbs,Green,Grey
134,Ra's Al Ghul,/ras-al-ghul/10-13879/,Ra's Al Ghul,75,5,14,10,25,90,"['Intelligence', 'Master Martial Artist', 'Master Tactician', 'Stamina', 'Stealth', 'Swordsmanship', 'Weapons Master', 'Acrobatics', 'Dexterity', 'Disguise Mastery', 'Endurance', 'Immortality', 'Marksmanship', 'Reflexes', 'Smoke Manipulation']",Nolanverse - Batman (2009-2012 Movies),Ra's Al Ghul,,"Batman begins (June, 2005)",Neutral,Male,"193 cm • 6'4""",97.5 kg • 214.95 lbs,Blue,Brown / White
135,Ra's Al Ghul,/ras-al-ghul/10-15421/,,60,25,25,10,30,70,"['Intelligence', 'Longevity', 'Master Martial Artist', 'Master Tactician', 'Peak Human Condition', 'Preparation', 'Stealth', 'Swordsmanship', 'Weapon-based Powers', 'Weapons Master', 'Accelerated Healing', 'Acrobatics', 'Resurrection']",Arrowverse - DC Television Universe,Unknown,Earth-1,Arrow Season 3: Episode 4,Bad,Male,"180.3 cm • 5'11""",79.8 kg • 175.93 lbs,Green,Black
136,Ra's Al Ghul,/ras-al-ghul/10-23002/,,85,14,25,14,10,95,"['Durability', 'Indomitable Will', 'Intelligence', 'Longevity', 'Marksmanship', 'Peak Human Condition', 'Stamina', 'Swordsmanship', 'Accelerated Healing', 'Adaptation', 'Agility', 'Dexterity', 'Endurance', 'Immortality', 'Master Martial Artist', 'Master Tactician', 'Power Absorption', 'Reflexes', 'Regeneration', 'Stealth', 'Weapons Master', 'Resurrection']",DCAU - DC Animated Universe,,,,Bad,Male,-,-,-,-
137,Ra's Al Ghul,/ras-al-ghul/10-30543/,,0,0,0,0,0,0,,DCeased - DCeased,,,,,,-,-,,
138,Ra's Al Ghul,/ras-al-ghul/10-32165/,,85,25,30,13,30,70,"['Intelligence', 'Master Martial Artist', 'Master Tactician', 'Preparation', 'Stamina', 'Super Strength', 'Swordsmanship', 'Weapons Master', 'Acrobatics', 'Element Control', 'Illusions', 'Immortality', 'Longevity', 'Magic', 'Regeneration', 'Resurrection', 'Smoke Manipulation', 'Stealth']",Arkhamverse - Arkham Series,,,,,,-,-,,
139,Ra's Al Ghul,/ras-al-ghul/10-39634/,,0,0,0,0,0,0,,New 52 - New 52,,,"Red Hood and the Outlaws #24 (December, 2013)",Bad,Male,"195.6 cm • 6'5""",98 kg • 216.05 lbs,Green,Grey
140,Ra's Al Ghul,/ras-al-ghul/10-45480/,,0,0,0,0,0,0,,Young Justice - Young Justice (2010- TV Series),,,Young Justice season 1 eposide 10,Bad,Male,-,-,Green,Black
141,Ra's Al Ghul,/ras-al-ghul/10-46699/,,0,0,0,0,0,0,,DCUAOM - DC Universe Animated Original Movies,,,,,,-,-,,
142,Ra-Venn,/ra-venn/10-40858/,Ra-Venn,0,0,0,0,0,0,,Earth-616 - Prime Marvel Universe,,,,,,-,-,,
143,Ra.One,/raone/10-22939/,Random Access- Version 1.0,75,30,25,20,55,70,"['Accelerated Healing', 'Cold Resistance', 'Durability', 'Endurance', 'Enhanced Memory', 'Intelligence', 'Longevity', 'Reflexes', 'Stamina', 'Super Speed', 'Super Strength', 'Toxin and Disease Resistance', 'Underwater breathing', 'Weapon-based Powers', 'Agility', 'Electricity Resistance', 'Energy Blasts', 'Energy Resistance', 'Enhanced Sight', 'Fire Resistance', 'Flight', 'Hacking', 'Heat Generation', 'Heat Resistance', 'Invulnerability', 'Jump', 'Marksmanship', 'Mind Control', 'Mind Control Resistance', 'Nanotechnology', 'Radiation Immunity', 'Regeneration', 'Robotic Engineering', 'Self-Sustenance', 'Shapeshifting', 'Technopath/Cyberpath', 'Weapons Master', 'Illumination', 'Master Tactician']",,,,Ra.One (Movie),Bad,Male,-,-,Red,No Hair
144,Raava,/raava/10-39093/,,0,0,0,0,0,0,,Avatar - Avatar: The Last Airbender(2005-2008) and The Legend of Korra(2012-2014),,,,,,-,-,,
145,Rabanra,/rabanra/10-28575/,,55,85,100,75,60,100,"['Ability Shift', 'Acrobatics', 'Agility', 'Animal Attributes', 'Animal Oriented Powers', 'Chi Manipulation', 'Dexterity', 'Durability', 'Endurance', 'Enhanced Condition', 'Enhanced Hearing', 'Enhanced Sight', 'Enhanced Smell', 'Invulnerability', 'Jump', 'Light Control', 'Love Inducement', 'Marksmanship', 'Master Martial Artist', 'Natural Weapons', 'Peak Human Condition', 'Reflexes', 'Stamina', 'Stealth', 'Super Speed', 'Super Strength', 'Accelerated Development', 'Accelerated Healing', 'Attack Negation', 'Aura', 'Awakened Power', 'Black Hole Manipulation', 'Bullet Time', 'Clairvoyance', 'Clairvoyance Resistance', 'Electricity Resistance', 'Energy Beams', 'Energy Blasts', 'Fire Resistance', 'Heat Resistance', 'Indomitable Will', 'Jaw Strength', 'Latent Abilities', 'Longevity', 'Transformation']",DB - Dragon Ball Verse,,,,-,Male,-,-,Blue,No Hair
146,Rabastan Lestrange,/rabastan-lestrange/10-19421/,,0,0,0,0,0,0,,,,,,,,-,-,,
147,Rabbit,/rabbit/10-22273/,Touka Kirishima,65,25,25,20,40,60,"['Accelerated Healing', 'Acrobatics', 'Agility', 'Berserk Mode', 'Bloodlust', 'Dexterity', 'Endurance', 'Enhanced Hearing', 'Enhanced Memory', 'Enhanced Sight', 'Heat Resistance', 'Intelligence', 'Longevity', 'Multiple Limbs', 'Reflexes', 'Regeneration', 'Stamina', 'Statistics Amplification', 'Super Speed', 'Super Strength', 'Bullet Time', 'Cold Resistance', 'Electrokinesis', 'Fire Resistance', 'Insanity', 'Jump', 'Regeneration Negation', 'Toxin and Disease Resistance', 'Emotional Power Up', 'Immortality']",Tokyo Ghoul - Tokyo Ghoul Verse,,Tokyo,Tokyo Ghoul Ep 1,Good,Female,"162.6 cm • 5'4""",59 kg • 130.07 lbs,Red,Blue
148,Rabbit,/rabbit/10-36301/,,0,0,0,0,0,0,,GOH - God of Highschool,,,,,,-,-,,
149,Rabeeder,/rabeeder/10-24681/,,0,0,0,0,0,0,,Bakugan,,,,,,-,-,,
150,Race,/race/10-21071/,,0,0,0,0,0,0,,,,,,,,-,-,,
151,Racer,/racer/10-28213/,Sawyer,0,0,0,0,0,0,,Fairy Tail - Fairy Tail,,,Manga: Fairy Tail - Chapter #132,Neutral,Male,-,-,Black,Blond
152,Rachel,/rachel/10-37137/,,0,0,0,0,0,0,,Camp Lazlo - Camp Lazlo,,,,,,-,-,,
153,Rachel,/rachel/10-44989/,Rachel,0,0,0,0,0,0,,DOA - Dead Or Alive,,Holy Vigoor Empire,Dead or Alive 5 Ultimate (2013),Good,Female,"172 cm • 5'7.7""",59 kg • 130.07 lbs,Blue,Blond
154,Rachel Alucard,/rachel-alucard/10-40185/,Rachel Alucard,95,100,100,100,100,90,"['Ability Shift', 'Acausality', 'Accelerated Development', 'Accelerated Healing', 'Acrobatics', 'Adaptation', 'Afterimage Creation', 'Age Manipulation', 'Agility', 'Animal Oriented Powers', 'Attack Negation', 'Attack Reflection', 'Aura', 'Blood Manipulation', 'Body Puppetry', 'Chaos Manipulation', 'Clairvoyance', 'Clairvoyance Resistance', 'Cold Resistance', 'Corruption', 'Corruption Resistance', 'Curse Manipulation', 'Curse Resistance', 'Damage Boost', 'Damage Reduction', 'Damage Transferal', 'Danger Sense', 'Data Manipulation', 'Death Manipulation', 'Dream Manipulation', 'Durability', 'Durability Negation', 'Electricity Resistance', 'Electrokinesis', 'Element Control', 'Emotional Power Up', 'Endurance', 'Energy Manipulation', 'Energy Resistance', 'Enhanced Condition', 'Enhanced Hearing', 'Enhanced Memory', 'Enhanced Sight', 'Enhanced Smell', 'Enhanced Touch', 'Extrasensory Perception', 'Fear Inducement', 'Fear Manipulation', 'Fire Resistance', 'Heat Generation', 'Heat Resistance', 'Illusion Resistance', 'Illusions', 'Information Analysis', 'Information Manipulation', 'Instinctive Reaction', 'Intangibility', 'Invulnerability', 'Jump', 'Levitation', 'Life Manipulation', 'Longevity', 'Madness Manipulation', 'Magic', 'Magic Resistance', 'Matter Absorption', 'Matter Manipulation', 'Memory Manipulation', 'Mind Control', 'Mind Control Resistance', 'Mind Transfer', 'Necromancy', 'Non-Physical Interaction', 'Ocular Techniques', 'Pain Manipulation', 'Pain Suppression', 'Paralysis', 'Physical Anomaly', 'Possession', 'Possession Resistance', 'Power Absorption', 'Power Nullifier', 'Psychometry', 'Radiation Immunity', 'Reactive Evolution', 'Reactive Power Level', 'Reflexes', 'Regeneration', 'Regeneration Negation', 'Seismic Power', 'Self-Sustenance', 'Sense Manipulation', 'Shadow Manipulation', 'Shockwaves Generation', 'Soul Manipulation', 'Soul Resistance', 'Spatial Awareness', 'Spatial Communication', 'Stamina', 'Statistics Amplification', 'Statistics Reduction', 'Status Effect Inducement', 'Stealth', 'Summoning', 'Telepathy', 'Telepathy Resistance', 'Teleportation', 'Toxin and Disease Control', 'Toxin and Disease Resistance', 'Unholy Manipulation', 'Unholy Resistance', 'Vibration Manipulation', 'Vision - Microscopic', 'Vision - Night', 'Vision - Telescopic', 'Vitakinesis', 'Weapon Creation', 'Weapon-based Powers', 'Weapons Master', 'Weather Control', 'Wind Control', 'Animal Control', 'Banish', 'Biokinesis', 'Camouflage', 'Causality Manipulation', 'Conceptual Manipulation', 'Existence Erasure Resistance', 'Fate Resistance', 'Flight', 'Force Fields', 'Holy Resistance', 'Hypnokinesis', 'Immortality', 'Immortality Negation', 'Indomitable Will', 'Omni-Sense', 'Portal Creation', 'Power Absorption Immunity', 'Power Bestowal', 'Reality Warping', 'Resurrection', 'Sealing', 'Technological Possession', 'Time Manipulation', 'Time Manipulation Resistance', 'Time Travel', 'Void Manipulation']",BlazBlue - BlazBlue Universe,,,,,,-,-,,
155,Rachel Begai,/rachel-begai/10-22707/,,0,0,0,0,0,0,,,,,,,,-,-,,
156,Rachel Callahan,/rachel-callahan/10-41642/,Rachel Callahan,0,0,0,0,0,0,,Earth-50 - Wildstorm Universe,,,,,,-,-,,
157,Rachel Cole,/rachel-cole/10-40857/,Rachel Cole-Alves,0,0,0,0,0,0,,Earth-616 - Prime Marvel Universe,,,,,,-,-,,
158,Rachel Dawes,/rachel-dawes/10-762/,,0,0,0,0,0,0,,Prime Earth - Prime DC Comics Universe,,,,,,-,-,,
159,Rachel Elizabeth Dare,/rachel-elizabeth-dare/10-16086/,Rachel Elizabeth Dare,0,0,0,0,0,0,,,,,,,,-,-,,
160,Rachel Geist,/rachel-geist/10-21973/,Rachel Geist,0,0,0,0,0,0,,,,,"Mighty Thor Annual #1 (August, 2012)",Good,Female,-,-,Yellow,Yellow
161,Rachel Gibson,/rachel-gibson/10-38318/,Rachel Gibson,65,1,6,10,0,70,"['Intelligence', 'Peak Human Condition', 'Stamina', 'Marksmanship', 'Master Martial Artist', 'Master Tactician', 'Weapons Master', 'Endurance', 'Information Analysis']",Alias - Alias,Rachel Gibson,,ALIAS: Prophet Five (S5E1),Good,Female,-,-,Blue,Blond
162,Rachel Pirzad,/rachel-pirzad/10-1530/,,0,0,0,0,0,0,,,,,,Good,Female,-,-,,
163,Rachel Tatchet,/rachel-tatchet/10-48780/,,0,0,0,0,0,0,,Dead Space,,,,,,-,-,,
164,Rachel Teller,/rachel-teller/10-37634/,,0,0,0,0,0,0,,NFS - Need For Speed,,,,,,-,-,,
165,Rachel Van Helsing,/rachel-van-helsing/10-40856/,Rachel Van Helsing,0,0,0,0,0,0,,Earth-616 - Prime Marvel Universe,,,,,,-,-,,
166,Rachna Koul,/rachna-koul/10-40866/,Rachna Koul,0,0,0,0,0,0,,Earth-616 - Prime Marvel Universe,,,,,,-,-,,
167,Rad,/rad/10-38026/,Jennifer Wayne-Burke,0,0,0,0,0,0,,AC Comics - AC Comics,,,,,,-,-,,
168,Radagast The Brown,/radagast-the-brown/10-13758/,,75,13,25,25,60,50,"['Accelerated Healing', 'Animal Control', 'Animal Oriented Powers', 'Camouflage', 'Clairvoyance', 'Clairvoyance Resistance', 'Corruption Resistance', 'Damage Boost', 'Danger Sense', 'Durability', 'Element Control', 'Energy Armor', 'Energy Resistance', 'Enhanced Condition', 'Enhanced Hearing', 'Enhanced Memory', 'Enhanced Sight', 'Enhanced Smell', 'Heat Generation', 'Immortality Negation', 'Intelligence', 'Magic', 'Marksmanship', 'Plant Control', 'Power Sense', 'Radar Sense', 'Rage Power', 'Soul Resistance', 'Stamina', 'Stealth', 'Super Speed', 'Super Strength', 'Telekinesis', 'Telepathy', 'Telepathy Resistance', 'Wind Control', 'Angel Physiology', 'Blessed', 'Cyborgization', 'Durability Negation', 'Endurance', 'Light Control', 'Natural Armor', 'Fire Resistance', 'Invulnerability', 'Magic Resistance', 'Mind Control', 'Mind Control Resistance', 'Mind Transfer', 'Weather Control']",,,,,,,-,-,,
169,Radiant,/radiant/10-14504/,Radiant,100,100,100,100,100,50,['Nigh-Omnipotence'],Prime Earth - Prime DC Comics Universe,,,Final Crisis: Revelations #2,Neutral,Female,-,-,,
170,Radiant,/radiant/10-22133/,Clarice Coeur,0,0,0,0,0,0,,Prime Earth - Prime DC Comics Universe,,,,,,-,-,,
171,Radiant,/radiant/10-33208/,,0,0,0,0,0,0,,Prime Earth - Prime DC Comics Universe,,,,,,-,-,,
172,Radiation Roy,/radiation-roy/10-34278/,Roy Travich,0,0,0,0,0,0,,,,,,,,-,-,,
173,Radich Nikoladze,/radich-nikoladze/10-37480/,,0,0,0,0,0,0,,Deus Ex - Deus Ex Universe,,,,,,-,-,,
174,Radioactive Kid,/radioactive-kid/10-30226/,,0,0,0,0,0,0,,Earth-616 - Prime Marvel Universe,,,,,,-,-,,
175,Radioactive Man,/radioactive-man/10-12053/,Chen Lu,80,65,55,70,45,45,"['Acid Resistants', 'Durability', 'Electricity Absorption', 'Electricity Resistance', 'Energy Absorption', 'Energy Manipulation', 'Force Fields', 'Intelligence', 'Peak Human Condition', 'Radiation Absorption', 'Radiation Control', 'Radiation Immunity', 'Space Survivability', 'Stamina', 'Super Speed', 'Super Strength', 'Acid Manipulation', 'Electrokinesis', 'Endurance', 'Energy Beams', 'Energy Blasts', 'Energy Constructs', 'Energy Embodiment', 'Energy Resistance', 'Fire Resistance', 'Heat Generation', 'Illumination', 'Information Analysis', 'Invulnerability', 'Light Control', 'Melting', 'Non-Physical Interaction', 'Reflexes', 'Self-Sustenance', 'Substance Secretion', 'Toxin and Disease Control', 'Vibration Manipulation']",Earth-616 - Prime Marvel Universe,,,,Good,,"198.1 cm • 6'6""",140.61 kg • 310 lbs,Brown,No Hair
176,Radioactive Man,/radioactive-man/10-40224/,Chen Lu,0,0,0,0,0,0,,Earth-10208 - Iron Man Lost the Civil War,,,,,,-,-,,
177,Radion,/radion/10-27622/,,0,0,0,0,0,0,,,,,,,,-,-,,
178,"Radion, The Atomic Man",/radion-the-atomic-man/10-27363/,Henri Sorel,0,0,0,0,0,0,,,,,,,,-,-,,
179,Raditz,/raditz/10-1278/,Raditz,65,70,40,55,30,85,"['Agility', 'Chi Manipulation', 'Durability', 'Energy Beams', 'Energy Blasts', 'Flight', 'Intelligence', 'Jump', 'Peak Human Condition', 'Stamina', 'Super Speed', 'Super Strength', 'Accelerated Development', 'Accelerated Healing', 'Acrobatics', 'Afterimage Creation', 'Bullet Time', 'Cold Resistance', 'Danmaku', 'Dexterity', 'Electricity Resistance', 'Endurance', 'Energy Manipulation', 'Enhanced Hearing', 'Enhanced Memory', 'Enhanced Sight', 'Enhanced Smell', 'Fire Resistance', 'Heat Generation', 'Heat Resistance', 'Indomitable Will', 'Invulnerability', 'Longevity', 'Marksmanship', 'Master Martial Artist', 'Reflexes', 'Vaporising Beams', 'Animal Attributes', 'Bloodlust', 'Clairvoyance', 'Electrokinesis', 'Explosion Manipulation', 'Gadget Usage', 'Latent Abilities', 'Power Sense', 'Power Suit', 'Reactive Evolution', 'Robotic Engineering', 'Transformation']",DB - Dragon Ball Verse,,Planet Vegeta,,Bad,Male,-,-,Black,Black
180,Raditz (Good Guy),/raditz-good-guy/10-15156/,Raditz,0,0,0,0,0,0,,,,,,,,-,-,,
181,Radium,/radium/10-25606/,,0,0,0,0,0,0,,Earth-616 - Prime Marvel Universe,,,,,,-,-,,
182,Radius,/radius/10-10147/,,0,0,0,0,0,0,,Earth-616 - Prime Marvel Universe,,,,,,-,-,,
183,Radizen,/radizen/10-24682/,,0,0,0,0,0,0,,Bakugan,,,,,,-,-,,
184,Radman,/radman/10-41312/,,0,0,0,0,0,0,,Earth-34 - DC's Earth-34,,,,,,-,-,,
185,Rado Dar,/rado-dar/10-45188/,,0,0,0,0,0,0,,C&A - Cowboys & Aliens,,,,,,-,-,,
186,Radobaan,/radobaan/10-48289/,,0,0,0,0,0,0,,MH - Monster Hunter,,,,,,-,-,,
187,Radovid V,/radovid-v/10-50097/,,0,0,0,0,0,0,,Witcher - The Witcher Universe,,,,-,Male,-,-,Brown,No Hair
188,Rae Sloane,/rae-sloane/10-25178/,Rae Sloane,0,0,0,0,0,0,,Star Wars - Star Wars Universe,,,,,,-,-,,
189,Rafa Martez,/rafa-martez/10-19075/,,0,0,0,0,0,0,,Star Wars - Star Wars Universe,,,,,,-,-,,
190,Rafa Martez,/rafa-martez/10-33223/,,0,0,0,0,0,0,,Star Wars - Star Wars Universe,,,,,,-,-,,
191,Rafael Waithe,/rafael-waithe/10-43792/,,60,13,25,15,35,40,"['Animal Attributes', 'Animal Oriented Powers', 'Dexterity', 'Endurance', 'Enhanced Hearing', 'Enhanced Sight', 'Enhanced Smell', 'Enhanced Touch', 'Reflexes', 'Transformation', 'Accelerated Healing', 'Acrobatics', 'Agility', 'Berserk Mode', 'Jump', 'Master Martial Artist', 'Rage Power', 'Regeneration', 'Statistics Amplification']",VD - Vampire Diaries,,,"Legacies Season 1, Episode 1",Good,Male,"183 cm • 6'0""",-,Brown,Black
192,Raffles Smith,/raffles-smith/10-39407/,,0,0,0,0,0,0,,Fire Force - Fire Force Universe,,,,,,-,-,,
193,Rafflesian,/rafflesian/10-24683/,,0,0,0,0,0,0,,Bakugan,,,,,,-,-,,
194,Rafiki,/rafiki/10-29033/,,0,0,0,0,0,0,,,,,,,,-,-,,
195,Rag Doll,/rag-doll/10-12670/,Peter Merkel,0,0,0,0,0,0,,Prime Earth - Prime DC Comics Universe,,,Flash Comics #36,Bad,Male,"170.2 cm • 5'7""",60.3 kg • 132.94 lbs,,Red
196,Rag Doll II,/rag-doll-ii/10-16813/,Peter Merkel Jr.,0,0,0,0,0,0,,Prime Earth - Prime DC Comics Universe,,,Villains United #1,Bad,Male,"180.3 cm • 5'11""",33.1 kg • 72.97 lbs,Grey,Red
197,Ragamuffin,/ragamuffin/10-41641/,,0,0,0,0,0,0,,Earth-50 - Wildstorm Universe,,,,,,-,-,,
198,Rage,/rage/10-10239/,Elvin Daryl Haliday,50,45,25,20,25,50,"['Durability', 'Peak Human Condition', 'Stamina', 'Super Speed', 'Super Strength', 'Accelerated Healing', 'Acrobatics', 'Agility', 'Dexterity', 'Endurance', 'Enhanced Condition', 'Grappling/Climbing', 'Jump', 'Master Martial Artist', 'Age Manipulation', 'Reflexes', 'Regeneration']",Earth-616 - Prime Marvel Universe,,,,Good,Male,"198.1 cm • 6'6""",204.12 kg • 450 lbs,Brown,None
199,Rage Mother,/rage-mother/10-21040/,,0,0,0,0,0,0,,,,,,,,-,-,,
200,Rage Shenron,/rage-shenron/10-46360/,,0,0,0,0,0,0,,DB - Dragon Ball Verse,,,,,,-,-,,
201,Ragetti,/ragetti/10-28912/,,0,0,0,0,0,0,,PoC - Pirates Of The Caribbean,,,,,,-,-,,
202,Raggadorr,/raggadorr/10-12245/,Raggadorr,0,0,0,0,0,0,,Earth-616 - Prime Marvel Universe,,,,,,-,-,,
203,Raging Woody,/raging-woody/10-19970/,Woody Rumble,0,0,0,0,0,0,,,,,,,,-,-,,
204,Ragman,/ragman/10-15422/,Rory Regan,0,0,0,0,0,0,,Arrowverse - DC Television Universe,Rory Regan,"Havenrock, Earth-1",Arrow Season 5: Episode 2,Good,Male,"177.8 cm • 5'10""",68 kg • 149.91 lbs,Brown,Brown
205,Ragman,/ragman/10-763/,Rory Regan,70,5,7,35,60,80,"['Agility', 'Durability', 'Endurance', 'Enhanced Condition', 'Enhanced Memory', 'Jump', 'Magic', 'Reflexes', 'Soul Manipulation', 'Levitation', 'Teleportation', 'Transformation', 'Cloth Manipulation', 'Invulnerability', 'Precognition', 'Telekinesis', 'Telepathy']",Prime Earth - Prime DC Comics Universe,,Gotham City,Ragman #1 - Origin of the Tatterdemalion,Good,Male,"180.3 cm • 5'11""",74.8 kg • 164.91 lbs,Blue,Brown
206,Ragman,/ragman/10-45732/,Rory Regan,0,0,0,0,0,0,,Injustice - Injustice (2013-2017 Games and Comics),,,Injustice:Gods Among Us:Year Three #4,Good,Male,-,-,Blue,Brown
207,Ragman,/ragman/10-46524/,Ya'akov Ben Shimon,0,0,0,0,0,0,,Earth-13 - Earth 13,,,,,,-,-,,
208,Ragna The Bloodedge,/ragna-the-bloodedge/10-14765/,Ragna,100,100,100,100,100,100,"['Acausality', 'Accelerated Healing', 'Agility', 'Attack Reflection', 'Aura', 'Blessed', 'Cold Resistance', 'Corruption', 'Dexterity', 'Dream Manipulation', 'Durability', 'Energy Manipulation', 'Energy Resistance', 'Enhanced Condition', 'Existence Erasure', 'Existence Erasure Resistance', 'Fear Manipulation', 'Fire Resistance', 'Heat Resistance', 'Immortality', 'Immortality Negation', 'Indomitable Will', 'Inorganic Physiology', 'Instinctive Reaction', 'Intelligence', 'Invulnerability', 'Madness Manipulation', 'Magic', 'Magic Resistance', 'Master Martial Artist', 'Master Tactician', 'Mind Control Resistance', 'Nigh-Omniscience', 'Non-Physical Interaction', 'Omnipresence', 'Peak Human Condition', 'Reality Warping Resistance', 'Reflexes', 'Regeneration Negation', 'Resurrection', 'Self-Sustenance', 'Shockwaves Generation', 'Soul Manipulation', 'Soul Resistance', 'Stamina', 'Statistics Amplification', 'Statistics Reduction', 'Stealth', 'Super Speed', 'Super Strength', 'Swordsmanship', 'Time Manipulation Resistance', 'Toxin and Disease Resistance', 'Transformation', 'Weapon Creation', 'Weapon-based Powers', 'Weapons Master', 'Acrobatics', 'Adaptation', 'Anti-Gravity', 'Biokinesis', 'Bloodlust', 'Chaos Manipulation', 'Clairvoyance Resistance', 'Corruption Resistance', 'Cosmic Awareness', 'Curse Resistance', 'Damage Boost', 'Danger Sense', 'Death Manipulation', 'Dimensional Awareness', 'Electricity Resistance', 'Emotional Power Up', 'Endurance', 'Enhanced Hearing', 'Enhanced Sight', 'Enhanced Touch', 'Fear Inducement', 'Heat Generation', 'Illusion Resistance', 'Information Manipulation', 'Intangibility', 'Jump', 'Life Manipulation', 'Longevity', 'Magic Absorption', 'Marksmanship', 'Petrification', 'Physics Manipulation', 'Possession Resistance', 'Power Absorption Immunity', 'Power Nullifier', 'Preparation', 'Psychometry', 'Radiation Immunity', 'Reactive Power Level', 'Regeneration', 'Spatial Awareness', 'Summoning', 'Supernatural Condition', 'Telepathy Resistance', 'Time Manipulation', 'Toxin and Disease Control', 'Vision - Night', 'Vitakinesis', 'Void Manipulation', 'Weapon Summoning', 'Animal Control', 'Banish', 'Berserk Mode', 'Causality Manipulation', 'Creation', 'Curse Manipulation', 'Darkforce Manipulation', 'Deconstruction', 'Extrasensory Perception', 'Fate Manipulation', 'Higher Dimensional Manipulation', 'Insanity', 'Invisibility', 'Large Size', 'Memory Manipulation', 'Natural Armor', 'Natural Weapons', 'Non-Corporeal', 'Paralysis', 'Pocket Dimensions', 'Power Absorption', 'Power Bestowal', 'Probability Manipulation', 'Projection', 'Psionic Powers', 'Rage Power', 'Reality Warping', 'Sealing', 'Shapeshifting', 'Size Changing', 'Status Effect Inducement', 'Technological Possession', 'Technopath/Cyberpath', 'Telepathy', 'Teleportation', 'Terrakinesis', 'Transduality', 'Umbrakinesis', 'Weather Control', 'Wind Control']",BlazBlue - BlazBlue Universe,,,,,,-,-,,
209,Ragnar,/ragnar/10-12178/,Ragnar,0,0,0,0,0,0,,Prime Earth - Prime DC Comics Universe,,,,,,-,-,,
210,Ragnar,/ragnar/10-19801/,Ragnar Lothbrok,70,5,8,10,15,75,"['Bloodlust', 'Endurance', 'Longevity', 'Master Tactician', 'Stamina', 'Stealth', 'Swordsmanship', 'Weapons Master', 'Agility', 'Dexterity', 'Master Martial Artist', 'Reflexes']",Vikings - Vikings,,,,,,-,-,,
211,Ragnar,/ragnar/10-31859/,,0,0,0,0,0,0,,The Last Kingdom,,,,,,-,-,,
212,Ragnar,/ragnar/10-45768/,,0,0,0,0,0,0,,GLTAS - Green Lantern: The Animated Series,,,,,,-,-,,
213,Ragnarok,/ragnarok/10-11346/,Ragnarok,0,0,0,0,0,0,,Earth-616 - Prime Marvel Universe,/,,,Neutral,Male,"167.6 cm • 5'6""",99.8 kg • 220.02 lbs,Blue,Blond
214,Ragnarok,/ragnarok/10-28189/,,75,75,55,85,55,90,"['Accelerated Development', 'Acrobatics', 'Agility', 'Durability', 'Endurance', 'Energy Beams', 'Energy Blasts', 'Enhanced Condition', 'Intelligence', 'Jump', 'Marksmanship', 'Master Martial Artist', 'Master Tactician', 'Peak Human Condition', 'Stamina', 'Stealth', 'Super Speed', 'Super Strength', 'Accelerated Healing', 'Cold Resistance', 'Dexterity', 'Electricity Resistance', 'Fire Resistance', 'Flight', 'Heat Resistance', 'Invulnerability', 'Longevity', 'Radiation Immunity', 'Teleportation', 'Vaporising Beams', 'Vehicular Mastery']",Ben 10,,,,Bad,Male,-,-,Yellow,White
215,Ragnarok,/ragnarok/10-34277/,Gunther Van Horn,0,0,0,0,0,0,,Prime Earth - Prime DC Comics Universe,,,,,,-,-,,
216,Ragnaros,/ragnaros/10-16098/,,0,0,0,0,0,0,,Warcraft - Warcraft,,,,,,-,-,,
217,Ragnok,/ragnok/10-44945/,,0,0,0,0,0,0,,Max Steel - Max Steel (2013-2017 series),,,,,,-,-,,
218,Raguel,/raguel/10-23614/,,100,100,100,100,100,100,"['Nigh-Omnipotence', 'Nigh-Omnipresence', 'Nigh-Omniscience']",Prime Earth - Prime DC Comics Universe,,,"Lucifer Vol 3 #5 (February, 2019)",Good,Male,-,-,-,-
219,Ragyo Kiryuin,/ragyo-kiryuin/10-49853/,Ragyo Kiryuin,75,30,45,30,65,35,"['Cloth Manipulation', 'Endurance', 'Illumination', 'Mind Control', 'Regeneration', 'Aura', 'Cold Resistance', 'Dexterity', 'Energy Beams', 'Energy Blasts', 'Enhanced Sight', 'Flight', 'Heat Resistance', 'Immortality', 'Indomitable Will', 'Light Control', 'Longevity', 'Mind Control Resistance', 'Morality Manipulation', 'Pain Suppression', 'Power Suit', 'Self-Sustenance', 'Shockwaves Generation', 'Surface Scaling', 'Toxin and Disease Resistance', 'Animation', 'Body Puppetry', 'Energy Manipulation', 'Inorganic Physiology', 'Power Nullifier', 'Swordsmanship']",Kill La Kill - Kill La Kill,,,Kill la Kill (Episode 6),Bad,Female,-,-,Red,White
220,Rahm Kota,/rahm-kota/10-13984/,Rahm Kota,0,0,0,0,0,0,,Star Wars - Star Wars Universe,,,,,,-,-,,
221,Rahzar,/rahzar/10-28228/,,0,0,0,0,0,0,,TMNT - Teenage Mutant Ninja Turtles,,,,,,-,-,,
222,Rai,/rai/10-50017/,,0,0,0,0,0,0,,Kurozukaverse,,,,,,-,-,,
223,Rai-Jin,/rai-jin/10-45278/,,0,0,0,0,0,0,,FF VIII - Final Fantasy VIII,,,Final Fantasy VIII (video game),Bad,Male,-,-,Brown,Black
224,Raian,/raian/10-49957/,Kure Raian,0,0,0,0,0,0,,Kenganverse - Kengan Ashura,,,,,,-,-,,
225,Raichu,/raichu/10-41387/,,45,19,25,35,60,60,"['Agility', 'Animal Attributes', 'Damage Boost', 'Durability', 'Electricity Resistance', 'Electrokinesis', 'Paralysis', 'Stamina', 'Statistics Amplification', 'Status Effect Inducement', 'Super Speed', 'Ability Shift', 'Accelerated Healing', 'Acrobatics', 'Animal Oriented Powers', 'Damage Reduction', 'Danmaku', 'Dig', 'Electricity Absorption', 'Endurance', 'Energy Beams', 'Enhanced Hearing', 'Enhanced Sight', 'Enhanced Smell', 'Hunters Instinct', 'Marksmanship', 'Natural Weapons', 'Reflexes', 'Statistics Reduction', 'Stealth', 'Dexterity', 'Durability Negation', 'Enhanced Thievery', 'Illusions', 'Invulnerability', 'Jump', 'Love Inducement', 'Omnilingualism', 'Plant Control', 'Surface Scaling', 'Vision - Night', 'Water Control']",Pokemon - Pokemon,,Variable,,Neutral,-,"80 cm • 2'7.5""",30 kg • 66.14 lbs,Black,Orange
226,Raiden,/raiden/10-11278/,Raiden,75,55,50,70,90,100,"['Agility', 'Divinity', 'Durability', 'Electrokinesis', 'Flight', 'Godly Physiology', 'Immortality', 'Intelligence', 'Levitation', 'Light Control', 'Marksmanship', 'Master Martial Artist', 'Peak Human Condition', 'Portal Creation', 'Reflexes', 'Sealing', 'Stamina', 'Super Speed', 'Super Strength', 'Teleportation', 'Time Manipulation', 'Weapons Master', 'Accelerated Development', 'Accelerated Healing', 'Acrobatics', 'Adaptation', 'Aura', 'Body Puppetry', 'Clairvoyance', 'Corruption Resistance', 'Creation', 'Damage Reduction', 'Danger Sense', 'Dexterity', 'Dimensional Travel', 'Divine Powers', 'Electrical Transport', 'Electricity Absorption', 'Electricity Resistance', 'Endurance', 'Energy Resistance', 'Enhanced Hearing', 'Enhanced Sight', 'Extrasensory Perception', 'Force Fields', 'Fusion', 'Indomitable Will', 'Invulnerability', 'Jump', 'Longevity', 'Magic', 'Magic Resistance', 'Master Tactician', 'Non-Physical Interaction', 'Paralysis', 'Power Bestowal', 'Power Nullifier', 'Precognition', 'Purification', 'Radiation Immunity', 'Reactive Power Level', 'Self-Destruction', 'Self-Sustenance', 'Soul Resistance', 'Spatial Manipulation', 'Statistics Amplification', 'Stealth', 'Technological Possession', 'Telekinesis', 'Telepathy', 'Time Manipulation Resistance', 'Unholy Resistance', 'Vitakinesis', 'Weapon-based Powers', 'Weather Control', 'Wind Control', 'Deconstruction', 'Energy Blasts', 'Necromancy', 'Non-Corporeal', 'Regeneration', 'Shapeshifting', 'Weapon Creation']",MK - Mortal Kombat,,,,Good,,-,-,,
227,Raiden,/raiden/10-14350/,,85,100,100,100,100,100,"['Durability', 'Electrokinesis', 'Godly Physiology', 'Intelligence', 'Longevity', 'Paralysis', 'Self-Sustenance', 'Stamina', 'Super Speed', 'Super Strength', 'Acrobatics', 'Agility', 'Aura', 'Dexterity', 'Endurance', 'Flight', 'Immortality', 'Invulnerability', 'Light Control', 'Marksmanship', 'Master Martial Artist', 'Physics Manipulation', 'Precognition', 'Reflexes', 'Regeneration', 'Stealth', 'Summoning', 'Telekinesis', 'Telepathy', 'Teleportation', 'Toxin and Disease Resistance', 'Weapons Master', 'Weather Control']",Injustice - Injustice (2013-2017 Games and Comics),,,,Good,Male,"200.7 cm • 6'7""",117.9 kg • 259.93 lbs,White,White
228,Raiden,/raiden/10-11518/,Jack,75,60,50,35,55,95,"['Acrobatics', 'Agility', 'Bloodlust', 'Cyborgization', 'Dexterity', 'Endurance', 'Hacking', 'Intelligence', 'Invisibility', 'Jump', 'Longevity', 'Master Martial Artist', 'Master Tactician', 'Pain Suppression', 'Reflexes', 'Stamina', 'Super Speed', 'Super Strength', 'Swordsmanship', 'Vehicular Mastery', 'Weapons Master', 'Aura', 'Berserk Mode', 'Bullet Time', 'Camouflage', 'Cold Resistance', 'Durability Negation', 'Electro-Magnetism Manipulation', 'Electrokinesis', 'Emotional Power Up', 'Enhanced Hearing', 'Enhanced Sight', 'Enhanced Touch', 'Explosion Manipulation', 'Fire Resistance', 'Heat Generation', 'Heat Resistance', 'Information Analysis', 'Inorganic Physiology', 'Mechanical Aptitude', 'Multiple Personalities', 'Nanotechnology', 'Quantum Manipulation', 'Radiation Immunity', 'Rage Power', 'Self-Sustenance', 'Shockwaves Generation', 'Sleep Manipulation', 'Statistics Amplification', 'Toxin and Disease Resistance', 'Vibration Manipulation', 'Accelerated Healing', 'Electricity Resistance', 'Energy Resistance', 'Immortality', 'Invulnerability', 'Regeneration', 'Smoke Manipulation']",MGS - Metal Gear Solid,Jack,Liberia,Metal Gear Solid 2: Sons of Liberty,Good,Male,"177.8 cm • 5'10""",78.9 kg • 173.94 lbs,Blue,Blond
229,Raiden,/raiden/10-29752/,,85,25,20,25,50,90,"['Dexterity', 'Electrical Transport', 'Electrokinesis', 'Endurance', 'Enhanced Memory', 'Force Fields', 'Intelligence', 'Master Martial Artist', 'Master Tactician', 'Reflexes', 'Stamina', 'Swordsmanship', 'Weapons Master', 'Agility', 'Berserk Mode', 'Electricity Absorption', 'Electricity Resistance', 'Godly Physiology', 'Heat Generation', 'Immortality', 'Weapon-based Powers', 'Enhanced Hearing', 'Enhanced Sight', 'Enhanced Smell']",MK-2021 - Mortal Kombat (2021),,,,Good,Male,-,-,-,-
230,Raiden,/raiden/10-34787/,,0,0,0,0,0,0,,MKXC - Mortal Kombat X Comics,,,,,,-,-,,
231,Raiden Shogun,/raiden-shogun/10-49485/,,60,35,80,55,70,90,,Genshin Impact - Genshin Impact Universe,,,,Good,Female,-,-,Purple,Purple
232,Raiden Tameemon,/raiden-tameemon/10-31096/,,0,0,0,0,0,0,,Record Of Ragnarok,,,,,,-,-,,
233,Raidou Kuzunoha,/raidou-kuzunoha/10-44137/,Raidou Kuzunoha,0,0,0,0,0,0,,SMT - Shin Megami Tensei,,,,,,-,-,,
234,Raiga,/raiga/10-34215/,Raiga,0,0,0,0,0,0,,Fist Of The North Star - FOTNS,,,,,,-,-,,
235,Raiga Kurosuki,/raiga-kurosuki/10-25071/,Kurosuki Raiga,0,0,0,0,0,0,,"Naruto - Naruto, shippuden, Boruto",,,,,,-,-,,
236,Raijin,/raijin/10-14215/,,0,0,0,0,0,0,,,,,,,,-,-,,
237,Raijin,/raijin/10-12456/,,50,75,25,35,50,40,"['Amphibious Respiration', 'Animal Attributes', 'Cold Resistance', 'Electricity Resistance', 'Endurance', 'Fire Resistance', 'Heat Resistance', 'Invulnerability', 'Jaw Strength', 'Large Size', 'Natural Armor', 'Natural Weapons', 'Toxin and Disease Resistance', 'Attack Negation', 'Corruption', 'Electrokinesis', 'Energy Absorption', 'Energy Resistance', 'Reflexes', 'Seismic Power', 'Self-Sustenance', 'Illumination', 'Multiple Limbs']",Pacific Rim,,,Pacific Rim: Uprising,Bad,,"106.83 m • 350'5.9""",-,-,-
238,Raijin,/raijin/10-30154/,,0,0,0,0,0,0,,Prime Earth - Prime DC Comics Universe,,,,,,-,-,,
239,Raiju,/raiju/10-12457/,,45,75,25,30,35,35,"['Amphibious Respiration', 'Animal Attributes', 'Cold Resistance', 'Corruption', 'Fire Resistance', 'Heat Resistance', 'Jaw Strength', 'Large Size', 'Natural Armor', 'Natural Weapons', 'Toxin and Disease Resistance', 'Underwater breathing', 'Agility', 'Dexterity', 'Elasticity', 'Endurance', 'Electricity Resistance', 'Energy Resistance', 'Illumination', 'Invulnerability']",Pacific Rim,,The Anteverse,Pacific Rim,Bad,-,"109.12 m • 357'12""",-,-,-
240,Raika,/raika/10-47334/,,0,0,0,0,0,0,,R+V - Rosario + Vampire Universe,,,,,,-,-,,
241,Raikou,/raikou/10-24024/,,0,0,0,0,0,0,,Pokemon - Pokemon,,,,,,-,-,,
242,Railroad Worker,/railroad-worker/10-38522/,,0,0,0,0,0,0,,JCA - Jackie Chan Adventures,,,,,,-,-,,
243,Raimund Diestel,/raimund-diestel/10-49300/,,0,0,0,0,0,0,,Hellboy - Hellboy,,,,,,-,-,,
244,Rain,/rain/10-15872/,,60,25,75,35,50,100,"['Electrokinesis', 'Godly Physiology', 'Master Martial Artist', 'Super Speed', 'Super Strength', 'Teleportation', 'Underwater breathing', 'Water Control', 'Weapons Master', 'Weather Control', 'Attack Reflection', 'Damage Boost', 'Flight', 'Homing Attack', 'Intangibility', 'Longevity', 'Mind Control', 'Swordsmanship', 'Weapon Creation']",MK - Mortal Kombat,,,,,,-,-,,
245,Rain,/rain/10-32584/,,80,95,100,65,75,100,"['Danger Sense', 'Disguise Mastery', 'Master Martial Artist', 'Peak Human Condition', 'Reflexes', 'Super Speed', 'Super Strength', 'Weapons Master', 'Awakened Power', 'Berserk Mode', 'Bullet Time', 'Cold Resistance', 'Element Control', 'Energy Armor', 'Enhanced Sight', 'Enhanced Smell', 'Fire Resistance', 'Heat Resistance', 'Hellfire Resistance', 'Rage Inducement', 'Rage Power', 'Willpower Manipulation']",MC - Minecraft,,,,,,-,-,,
246,Rain Ocampo,/rain-ocampo/10-35924/,,0,0,0,0,0,0,,Resident Evil - Resident Evil Game & Movie universe,,,,Good,Female,-,-,Black,Black
247,Rain Spider,/rain-spider/10-35176/,,0,0,0,0,0,0,,Desert Punk - Desert Punk,,,,,,-,-,,
248,Raina Creel,/raina-creel/10-32872/,Raina Creel,0,0,0,0,0,0,,Prime Earth - Prime DC Comics Universe,,,,,,-,-,,
249,Rainbow Archer,/rainbow-archer/10-32050/,Albrecht Raines,0,0,0,0,0,0,,Pre-Crisis - Pre Crisis on Infinite Earths,,,,,,-,-,,
